Title,Description,Google Bard Extensions Prompt,Category,Tags
Enhance Your Personal LinkedIn Brand,A well-optimized LinkedIn profile can be a beacon for opportunities and connections in the professional world.,"Review my 'Resume' and 'Resume Cover Letter' in @docs. Identify key achievements and strengths. Based on these, suggest a revised LinkedIn profile summary and headline. Additionally, recommend @youtube tutorials on personal branding specifically tailored for LinkedIn to boost my online presence.",Business Networking & B2B Marketing,"@docs, @youtube"
Analyze Your To-Do List,This prompt aims to streamline your daily activities and prioritize tasks efficiently.,Analyze my 'To-Do List' in @docs. Rank the tasks based on urgency and importance. Suggest an optimized order for task completion to ensure maximum productivity.,Productivity & Time-Saving,@docs
Website or Blog Post Media Enhancement,Integrating multimedia content can greatly enhance user engagement on a website.,Review the website copy or blog posts in @docs. Highlight sections that may benefit from richer content. Suggest @youtube videos or other visual content that can be embedded to provide a more engaging user experience.,Increased Output & Efficiency,"@docs, @youtube"
eBook Promotion,Strategic promotion can maximize the reach and impact of an eBook.,"Inspect the topics covered in my eBook PDF in @docs. Based on the subject matter, suggest relevant online communities or platforms where they can be promoted. Also, recommend @youtube influencers or channels that align with the eBook topics for potential collaboration or shout-outs.",Lead Generation & Sales Improvement,"@docs, @youtube"
Resume Enhancement,Ensuring your resume is current and aligned with industry expectations can be a crucial step in job hunting.,Compare the latest job descriptions and qualifications in my industry (from web sources or job boards) with my 'Resume' in @docs. Highlight any gaps or areas of improvement and suggest modifications to enhance its appeal.,Increased Output & Efficiency,@docs
Learning & Upskilling Prioritization,"By focusing on the most relevant educational content, this prompt enhances efficient learning and upskilling.","Search @youtube for tutorials related to skills I want to develop, as mentioned in my @docs labeled 'Skills Development Plan'. Prioritize them based on relevance to my goals.",Productivity & Time-Saving,"@docs, @youtube"
Blog Post Feedback,Effective blogging often requires a mix of solid structure and timely content.,"Examine my 'Blog Post Draft' in @docs. Provide feedback on structure, coherence, and relevance. Additionally, suggest related topics or current events that could be incorporated to enhance its appeal.",Increased Output & Efficiency,@docs
Social Media Planning & Optimization,Consistency and relevance in social media posting can significantly enhance brand engagement.,Review my 'Social Media Calendar' in @docs. Identify any gaps or days without posts. Suggest content ideas or topics based on current industry trends to keep the audience engaged.,Increased Output & Efficiency,@docs
Contract Review for Renewal and Upselling,Maximizing value from existing contracts is a key part of B2B sales.,Examine @docs for any B2B contracts that are nearing their expiration date within the next three months. Summarize the terms and make recommendations for renewal or upselling strategies.,Business Networking & B2B Marketing,@docs
Upsell Opportunities on YouTube,Strategic upselling can significantly boost revenue without acquiring new customers.,"Using @youtube, research current market trends related to those products. Propose a list of complementary products or services we can introduce for upselling during peak seasons.",Lead Generation & Sales Improvement,@youtube
Client Proposal Review & Analysis,Cross-reference key points in your Client Proposal with past email interactions to tailor the proposal more closely to the client's needs. Enhance the proposal's effectiveness and expedite the sales process.,"Summarize the key points of the Client Proposal in @docs. Based on my @gmail interactions with the client, provide recommendations on any additional information or changes that could make the proposal more compelling.",Increased Output & Efficiency,"@docs, @gmail"
Social Media Inspiration from SEO Insights,Merging SEO strategies with social media can enhance overall online presence.,"Cross-analyze my 'Social Media Calendar' and 'SEO Report PDF' in @docs. Suggest ways to use SEO insights to optimize social media content, including potential keywords or topics that could increase engagement.",Lead Generation & Sales Improvement,@docs
Blog Post Promotion Ideas,Strategic promotion can significantly increase blog post reach and engagement.,"Upon reviewing my 'Blog Post Draft' and 'Social Media Calendar' in @docs, suggest the best dates and platforms for promoting the blog post. Additionally, draft a few engaging social media captions to accompany the blog link.",Increased Output & Efficiency,@docs
Budget Travel Planning,"This prompt automates the task of finding budget-friendly flights, potentially saving both time and money.",Scan my upcoming travel plans in @gmail and use @flights to find the most economical round-trip flights for these dates.,Productivity & Time-Saving,"@flights, @gmail"
Efficient Hotel Booking for Business Travel,"Efficient hotel booking saves money and minimizes transit times to and from meetings, thus allowing for better focus and preparation.",Check my @gmail for upcoming business trips and use @hotels to find hotels that are both cost-effective and near the meeting locations as indicated in the emails. Summarize the options.,Increased Output & Efficiency,"@gmail, @hotels"
Tax Deduction Identification,Keeping track of expenses that can be used for tax deductions can result in significant cost savings during tax season.,"Check my @gmail for invoices, receipts, and expense reports related to work in the past year. Summarize them and flag items that could be potential tax deductions.",Cost Savings,@gmail
Resume Inspired Networking,Tapping into existing networks can provide unexpected opportunities.,"Analyze my 'Resume' in @docs and identify any past affiliations, organizations, or educational institutions. Recommend potential networking events or alumni gatherings near me related to these affiliations.",Business Networking & B2B Marketing,@docs
Daily Task Automation,Automation can be a game-changer in terms of time-saving and efficiency. Discover opportunities.,Review my 'To-Do List' in @docs. Identify repetitive tasks and suggest automation tools or software solutions that can streamline these processes.,Productivity & Time-Saving,@docs
Webinar Lead Generation,"By identifying relevant industry events, this prompt could unearth untapped opportunities for lead generation.","Look for industry-related webinars or online events mentioned in my @gmail or found on @youtube. Summarize the topics and speakers, and evaluate if sponsoring or attending these events could generate leads.",Lead Generation & Sales Improvement,"@gmail, @youtube"
Product/Service Feedback Loop,Customer feedback is invaluable for improving your offering and generating more sales. This prompt compiles that data for actionable insights.,Check my @gmail for customer feedback or product reviews received in the last month. Summarize the positive and negative feedback and make recommendations for product or service improvement.,Lead Generation & Sales Improvement,@gmail
Mapping Sales Prospects,"Geographically targeted marketing can be highly effective, and this prompt helps lay the groundwork for such a strategy.",Scan my @gmail for conversations with potential clients in different geographical locations. Use @maps to determine the most densely populated areas of interest. Recommend targeting strategies based on geography.,Lead Generation & Sales Improvement,"@gmail, @maps"
Expanded Learning from eBook,Pairing written content with video can provide a richer learning experience.,Examine the topics covered in 'Business eBook' in @docs. Suggest a list of @youtube channels or playlists that delve deeper into these subjects for further learning.,Learning & Development,"@docs, @youtube"
Partnership and Collaboration Opportunities,Partnerships can dramatically expand your reach and generate leads; this prompt helps you identify and prioritize such opportunities.,Check my @gmail for any mentions of potential partnerships or collaborations in the last six months. Summarize the opportunities and assess the potential impact on sales and lead generation.,Lead Generation & Sales Improvement,@gmail
Workflow Efficiency Audit,Streamlined workflows increase efficiency and output by eliminating unnecessary steps.,Summarize the documents in my @drive that detail my current workflows or standard operating procedures. Identify any redundant steps and provide recommendations for streamlining these workflows.,Increased Output & Efficiency,@drive
Venue Sourcing with Visuals,"This prompt not only identifies the best venues but also enhances decision-making by providing YouTube videos, making the venue selection process more efficient.","Find nearby venues on @maps that would be suitable for hosting my business conference. They should have facilities for at least 200 people, parking, and high-speed internet. Show me @youtube videos for the top 3 results.",Business Networking & B2B Marketing,"@maps, @youtube"
Website Copy SEO Enhancements,Staying updated on SEO techniques can ensure consistent website visibility.,Analyze the 'Website Copy' in @docs for keyword density and relevance. Suggest improvements based on SEO best practices. Direct me to @youtube tutorials on modern SEO techniques to enhance my understanding.,Lead Generation & Sales Improvement,"@docs, @youtube"
Review Educational Expenses,Keeping track of your investments in learning can help you better allocate resources in the future.,Summarize all mentions of educational or course-related expenses in my @gmail for the past year. Provide an analysis to determine if I am allocating resources effectively for my learning and development.,Learning & Development,@gmail
B2B Prospect Prioritization,Prioritizing B2B prospects based on engagement and relevance can help focus your sales efforts more effectively.,Analyze my @gmail for conversations labeled 'B2B Prospects' in the last three months. Rank the conversations by level of engagement and industry relevance. Provide recommendations for prioritized follow-ups.,Business Networking & B2B Marketing,@gmail
Energy-Efficient Venue Search,Choosing energy-efficient venues can be both eco-friendly and cost-effective in the long term.,Find venues on @maps that advertise energy-efficient facilities or green initiatives. Compare these options to traditional venues for hosting my next corporate event.,Cost Savings,@maps
Company Culture Learning,Aligning training and development with company culture can have a synergistic effect on organizational growth.,"Review my @docs for any company values, mission statements, or culture guidelines. Suggest training programs or resources that align with fostering the desired company culture.",Learning & Development,@docs
Fuel-Efficient Route Planning,"Fuel costs can add up quickly, especially for businesses that rely on regular travel. Planning fuel-efficient routes can result in noticeable savings.",Analyze my frequent travel locations from @maps. Calculate the most fuel-efficient routes for common destinations and provide a plan.,Cost Savings,@maps
Sales Email Analysis,"This prompt can help identify valuable trends and outliers in sales activity that might otherwise go unnoticed, thereby informing strategy to improve sales.","Analyze my emails labeled 'New Sale' in @gmail and provide insights on the latest sales activity. Identify any trends, outliers, or recommendations to improve sales.",Lead Generation & Sales Improvement,@gmail
Learning Resources Summary,Having a consolidated list of learning resources can help you plan your development efforts more effectively.,"Scan my @gmail for any links or mentions of e-books, courses, or webinars sent to me in the past six months. Summarize these resources and categorize them by their relevance to my professional development goals.",Learning & Development,@gmail
Identifying Industry Events for Networking,This prompt aims to help you proactively identify networking opportunities where you could forge valuable B2B relationships.,"Scan my @gmail for any mentions or invitations to industry conferences, webinars, or networking events in the next six months. Summarize the details and evaluate the potential benefits for B2B networking.",Business Networking & B2B Marketing,@gmail
Local SEO Opportunities,"Local SEO can be a powerful tool for generating leads, and this prompt helps you get started by identifying local competitors and keywords.",Scan my @docs for keywords related to my business and industry. Use @maps to identify local businesses in my industry and their ratings. Suggest local SEO strategies to improve lead generation.,Lead Generation & Sales Improvement,"@docs, @maps"
Assessing Sales Channels,This prompt aims to help you understand which sales channels are the most fruitful so that efforts can be concentrated there.,Analyze my @docs and @gmail to identify the most frequently mentioned sales channels or platforms. Provide a comparative analysis of their performance and recommend where to focus sales efforts.,Lead Generation & Sales Improvement,"@docs, @gmail"
Efficient Meeting Scheduling,"This prompt can streamline meeting scheduling, minimizing back-and-forth emails and saving time.",Scan my @gmail for pending meeting invitations and responses. Summarize the status of each and suggest time slots for unconfirmed meetings based on my free slots mentioned in @docs.,Productivity & Time-Saving,"@docs, @gmail"
Efficient Content Consumption,"This prompt aids in professional development by identifying concise, relevant content, thus saving time.","Search @youtube for summaries or highlights of the latest industry conferences in my field. Provide a list sorted by duration, shortest first.",Productivity & Time-Saving,@youtube
Curate Educational Content,This prompt helps individuals with learning and development needs by summarizing top educational content and recommending the most appropriate video to watch.,Search @youtube for tutorials on the latest project management software tools. Summarize the top 5 results and suggest which one would be the most beneficial for me to watch based on its content and duration.,Learning & Development,@youtube
Best Places for Networking Events,The right venue can make a significant difference in the success of a networking event.,Find locations using @maps that are commonly used for industry events or have high ratings for business meetings. Evaluate their potential for hosting our own B2B networking events.,Business Networking & B2B Marketing,@maps
Email Filtering for Time-Sensitive Matters,"By isolating and summarizing urgent matters, this prompt ensures that nothing slips through the cracks.",Scan my @gmail for emails labeled 'Urgent' or those that mention 'time-sensitive' in the last 48 hours. Summarize these emails and their deadlines.,Productivity & Time-Saving,@gmail
Prioritize Customer Emails,"By prioritizing customer emails based on urgency and potential impact, this prompt helps improve customer relations while optimizing time spent on client management.",Check my @gmail for emails from customers or clients in the last week. Summarize them and prioritize based on the query's urgency and potential business impact.,Productivity & Time-Saving,@gmail
Document Prioritization,"The aim of this prompt is to categorize and prioritize work. By summarizing and labeling recently edited documents, individuals can focus on high-priority tasks for maximum output and efficiency.","Summarize the most recently edited files in @docs this week. Generate a report of ‘High Priority', 'Medium Priority', or 'Low Priority' based on their current status and deadlines mentioned within. Make recommendations for completing high-priority tasks first.",Increased Output & Efficiency,@docs
Analyze Sales Collaterals,Ensuring that your sales materials are up to date is crucial for making an effective pitch or presentation.,Go through my @drive and summarize all the sales presentations and collaterals stored. Suggest updates or new content needed to enhance B2B sales strategies.,Business Networking & B2B Marketing,@drive
Lead Outreach Follow-up Analysis,"By analyzing outreach metrics, this prompt helps to identify opportunities for follow-up, potentially turning cold leads into sales opportunities.",Scan my @gmail for emails labeled 'Lead Outreach' sent in the last three months. Summarize the response rates and suggest follow-up strategies for non-responders.,Lead Generation & Sales Improvement,@gmail
Geo-Optimized Client Meetings,"By optimizing routes for client meetings, you can spend more time with clients and less time on the road, thereby increasing output.",Scan my @gmail for upcoming client meetings. Use @maps to determine the geographical locations of each and suggest an optimized route to minimize travel time.,Increased Output & Efficiency,"@gmail, @maps"
Review and Leverage Existing Contacts,"Sometimes the best opportunities come from existing connections, and this prompt helps to identify those.",Go through my @gmail recent conversations and identify those associated with key companies or industries we're targeting for B2B sales. Summarize the list and suggest a strategy for re-engagement.,Business Networking & B2B Marketing,@gmail
Recommended Reading,"Further reading can provide more in-depth knowledge, enabling better decision-making and problem-solving.",Search @youtube for expert talks or interviews related to my industry or profession. Summarize the main points and suggest relevant books or articles for deeper learning.,Learning & Development,@youtube
Sales Script Optimization,"Improving your sales script can be a quick win for improving conversion rates, and this prompt aims to help you do just that.",Search my @docs for any sales scripts or pitches. Compare these with successful sales techniques mentioned in @youtube videos. Provide suggestions to optimize the sales scripts based on successful examples.,Lead Generation & Sales Improvement,"@docs, @youtube"
Identify Industry Conferences for Learning,"Conferences can be a great way to rapidly accelerate learning and networking, and this prompt helps you identify the most relevant ones.","Look through my @gmail for invites or mentions of upcoming industry conferences and workshops. Evaluate their potential for learning and development, and suggest a prioritized list for attendance.",Learning & Development,@gmail
,,,,
,,,,
,,,,
,,,,
Skill Gap Identification,Identifying skill gaps and addressing them can dramatically improve team output and efficiency over time.,Analyze my @docs where I have outlined my team's skills and responsibilities. Compare this with industry standards from @youtube videos. Identify any skill gaps and recommend training programs.,Increased Output & Efficiency,"@docs, @youtube"
Analyzing Vendor Communications,"This prompt can help businesses save money by keeping track of discounts, promotions, or special offers from vendors. The model will identify and summarize these opportunities, allowing businesses to act on them timely.","Check my @gmail email inbox for any emails from vendors that mention 'discount', 'promotion', or 'special offer' in the last month. Summarize these opportunities and provide recommendations for taking advantage of them.",Cost Savings,@gmail
Automated Daily Briefing,"This prompt serves as a daily briefing tool, providing a snapshot of current project status and pending tasks, helping you plan your day more effectively.",Check my @gmail email inbox and @drive for any updates or documents related to my current projects. Summarize the updates and list the pending action items for each project.,Productivity & Time-Saving,"@drive, @gmail"
Team Training Needs,This prompt aims to improve team performance by addressing collective skill gaps.,Review @docs for any team meeting notes or project retrospectives that highlight team-wide skill deficiencies or areas for growth. Recommend team training programs or @youtube channels that can address these issues.,Learning & Development,"@docs, @youtube"
Most Efficient Business Travel Planning,Efficient travel planning can be a great asset in maintaining a wide network and can directly impact your bottom line.,"Based on the locations of my upcoming B2B meetings from @gmail, find the most efficient flight plans using @flights. Calculate potential cost and time savings for different scenarios.",Business Networking & B2B Marketing,"@flights, @gmail"
Early Renewal Discounts,Early renewal often comes with cost savings. This prompt aims to proactively identify such opportunities.,Scan my @gmail for subscriptions and contracts that are due for renewal in the next three months. Research online or through the service provider to see if there are any discounts available for early renewal.,Cost Savings,@gmail
Tracking Professional Certifications,"Maintaining up-to-date certifications can be crucial in some industries, and this prompt helps you keep track.",Check my @docs for records of any professional certifications I have. Identify those that are close to expiration and suggest a timeline for renewal or upgrading.,Learning & Development,@docs
Industry Expertise Through Content,Keeping abreast of industry knowledge can give you a competitive edge in B2B interactions.,"Find @youtube videos related to trends, technologies, or best practices in my industry. Summarize the topics covered and recommend how to use this information in conversations with B2B clients.",Business Networking & B2B Marketing,@youtube
Email-Based Expense Audit,Identifying and evaluating recurring payments can lead to substantial cost savings by eliminating unused or unnecessary subscriptions.,Scan my @gmail for emails related to software subscriptions or recurring payments in the last 6 months. Summarize the cost and renewal dates and recommend which ones to keep or cancel.,Cost Savings,@gmail
Efficient Research for Content Creation,"For content creators, marrying their own research with trends and information on YouTube can lead to richer, more engaging content, produced more efficiently.",Scan my most recent documents in @docs related to upcoming content topics. Search @youtube for complementary information or trends about these topics. Provide summaries and potential integration points.,Increased Output & Efficiency,"@docs, @youtube"
Equipment and Supplies Audit,Knowing what you're spending on office supplies and equipment can lead you to more cost-effective alternatives.,Scan my @gmail for invoices and purchase orders related to office supplies or equipment in the past 6 months. Recommend alternatives for cost savings based on online research.,Cost Savings,@gmail
Sales Process Streamlining,Understanding bottlenecks in the sales process can help you focus your improvement efforts where they will make the most difference.,Analyze my @gmail conversations related to closed sales deals. Identify the most time-consuming stages of the sales process and provide recommendations for streamlining.,Increased Output & Efficiency,@gmail
Quarterly Business Review Preparation,Preparation for a Quarterly Business Review (QBR) can be time-consuming. Automating the initial research and outline generation can save hours.,Summarize the most critical documents and emails in @docs and @gmail related to this quarter's business performance. Generate an outline for a Quarterly Business Review presentation.,Increased Output & Efficiency,"@docs, @gmail"
Team Upskilling on a Budget,Free or low-cost training options can be a way to improve your team's skill set without breaking the bank.,Find @youtube tutorials and free courses related to the skill gaps I've identified in my team (documented in @docs). Summarize the options available.,Cost Savings,"@docs, @youtube"
Networking Skill Development,Improving your networking skills can open doors to new opportunities and contribute to business growth.,Find @youtube videos that offer advanced techniques in business networking and relationship building. Summarize key points and suggest ways to incorporate them into my B2B strategies.,Business Networking & B2B Marketing,@youtube
Automated Expense Tracking,Keeping track of expenses can be time-consuming; this prompt automates this aspect of personal or business finance.,Check my @gmail for any receipts or invoices received in the last month. Summarize these expenses and categorize them as 'Business' or 'Personal.',Productivity & Time-Saving,@gmail
Competitor Analysis Through Content,"This prompt provides an automated form of competitor analysis, offering insights that could lead to improved sales.",Search @youtube for the latest product launches and reviews related to my industry. Summarize key features and market reactions. Suggest how we can incorporate successful elements into our products.,Lead Generation & Sales Improvement,@youtube
Flight and Hotel Bundle Savings,"Bundling flights and hotels can offer significant savings, and this prompt would automate the process of finding the best bundle deals.",Cross-reference my upcoming business trips found in @gmail with @flights and @hotels to find the most cost-effective bundle options for flights and hotels. Provide a comparison for decision-making.,Cost Savings,"@flights, @gmail, @hotels"
Optimize Business Operations,Understanding existing processes can unveil areas for cost-saving automation or optimization.,Summarize internal company SOPs and guidelines available in @docs. Highlight any processes that can be automated or streamlined to reduce operational costs.,Cost Savings,@docs
Skill Gap Analysis,This prompt is aimed at facilitating personal development by identifying skill gaps and suggesting ways to address them.,Analyze my @docs for any performance reviews or self-assessments conducted in the past year. Identify areas where skills have been noted as lacking or needing improvement. Recommend courses or @youtube tutorials that address these gaps.,Learning & Development,"@docs, @youtube"
,,,,
,,,,